"Month","Station","Species","Abundance","MoAb"
2,"UNH Pier","Alex",0,"Feb"
3,"UNH Pier","Alex",0,"Mar"
3,"UNH Pier","Alex",0,"Mar"
3,"UNH Pier","Alex",15,"Mar"
3,"UNH Pier","Alex",0,"Mar"
3,"UNH Pier","Alex",0,"Mar"
4,"UNH Pier","Alex",0,"Apr"
4,"UNH Pier","Alex",0,"Apr"
4,"UNH Pier","Alex",0,"Apr"
4,"UNH Pier","Alex",30,"Apr"
5,"UNH Pier","Alex",90,"May"
5,"UNH Pier","Alex",37.5,"May"
5,"UNH Pier","Alex",30,"May"
5,"UNH Pier","Alex",22.5,"May"
6,"UNH Pier","Alex",37.5,"Jun"
6,"UNH Pier","Alex",67.5,"Jun"
6,"UNH Pier","Alex",15,"Jun"
6,"UNH Pier","Alex",0,"Jun"
6,"UNH Pier","Alex",0,"Jun"
7,"UNH Pier","Alex",45,"Jul"
7,"UNH Pier","Alex",0,"Jul"
7,"UNH Pier","Alex",0,"Jul"
7,"UNH Pier","Alex",0,"Jul"
8,"UNH Pier","Alex",0,"Aug"
8,"UNH Pier","Alex",30,"Aug"
8,"UNH Pier","Alex",0,"Aug"
8,"UNH Pier","Alex",0,"Aug"
9,"UNH Pier","Alex",0,"Sep"
9,"UNH Pier","Alex",0,"Sep"
9,"UNH Pier","Alex",0,"Sep"
9,"UNH Pier","Alex",0,"Sep"
9,"UNH Pier","Alex",0,"Sep"
10,"UNH Pier","Alex",0,"Oct"
10,"UNH Pier","Alex",0,"Oct"
10,"UNH Pier","Alex",0,"Oct"
10,"UNH Pier","Alex",0,"Oct"
11,"UNH Pier","Alex",0,"Nov"
11,"UNH Pier","Alex",0,"Nov"
11,"UNH Pier","Alex",0,"Nov"
11,"UNH Pier","Alex",0,"Nov"
11,"UNH Pier","Alex",0,"Nov"
12,"UNH Pier","Alex",0,"Dec"
12,"UNH Pier","Alex",0,"Dec"
12,"UNH Pier","Alex",0,"Dec"
12,"UNH Pier","Alex",0,"Dec"
1,"UNH Pier","Alex",0,"Jan"
1,"UNH Pier","Alex",0,"Jan"
1,"UNH Pier","Alex",0,"Jan"
1,"UNH Pier","Alex",0,"Jan"
1,"UNH Pier","Alex",0,"Jan"
2,"UNH Pier","Alex",0,"Feb"
2,"UNH Pier","Alex",0,"Feb"
2,"UNH Pier","Alex",0,"Feb"
2,"UNH Pier","Alex",0,"Feb"
3,"UNH Pier","Alex",0,"Mar"
3,"UNH Pier","Alex",0,"Mar"
3,"UNH Pier","Alex",0,"Mar"
3,"UNH Pier","Alex",0,"Mar"
4,"UNH Pier","Alex",0,"Apr"
4,"UNH Pier","Alex",0,"Apr"
4,"UNH Pier","Alex",0,"Apr"
4,"UNH Pier","Alex",7.5,"Apr"
4,"UNH Pier","Alex",7.5,"Apr"
5,"UNH Pier","Alex",0,"May"
5,"UNH Pier","Alex",7.5,"May"
5,"UNH Pier","Alex",0,"May"
5,"UNH Pier","Alex",22.5,"May"
6,"UNH Pier","Alex",0,"Jun"
6,"UNH Pier","Alex",0,"Jun"
6,"UNH Pier","Alex",7.5,"Jun"
6,"UNH Pier","Alex",7.5,"Jun"
6,"UNH Pier","Alex",0,"Jun"
7,"UNH Pier","Alex",22.5,"Jul"
7,"UNH Pier","Alex",0,"Jul"
7,"UNH Pier","Alex",7.5,"Jul"
7,"UNH Pier","Alex",0,"Jul"
7,"UNH Pier","Alex",0,"Jul"
8,"UNH Pier","Alex",0,"Aug"
8,"UNH Pier","Alex",0,"Aug"
8,"UNH Pier","Alex",0,"Aug"
8,"UNH Pier","Alex",0,"Aug"
9,"UNH Pier","Alex",0,"Sep"
9,"UNH Pier","Alex",0,"Sep"
9,"UNH Pier","Alex",0,"Sep"
9,"UNH Pier","Alex",0,"Sep"
10,"UNH Pier","Alex",0,"Oct"
10,"UNH Pier","Alex",0,"Oct"
10,"UNH Pier","Alex",0,"Oct"
10,"UNH Pier","Alex",0,"Oct"
11,"UNH Pier","Alex",0,"Nov"
11,"UNH Pier","Alex",0,"Nov"
11,"UNH Pier","Alex",0,"Nov"
11,"UNH Pier","Alex",0,"Nov"
12,"UNH Pier","Alex",0,"Dec"
12,"UNH Pier","Alex",0,"Dec"
12,"UNH Pier","Alex",0,"Dec"
1,"UNH Pier","Alex",0,"Jan"
1,"UNH Pier","Alex",0,"Jan"
2,"UNH Pier","Alex",0,"Feb"
2,"UNH Pier","Alex",0,"Feb"
2,"UNH Pier","Alex",0,"Feb"
3,"UNH Pier","Alex",0,"Mar"
3,"UNH Pier","Alex",0,"Mar"
3,"UNH Pier","Alex",0,"Mar"
3,"UNH Pier","Alex",0,"Mar"
4,"UNH Pier","Alex",0,"Apr"
4,"UNH Pier","Alex",0,"Apr"
4,"UNH Pier","Alex",0,"Apr"
4,"UNH Pier","Alex",0,"Apr"
4,"UNH Pier","Alex",0,"Apr"
5,"UNH Pier","Alex",22.5,"May"
5,"UNH Pier","Alex",30,"May"
5,"UNH Pier","Alex",82.5,"May"
5,"UNH Pier","Alex",75,"May"
6,"UNH Pier","Alex",390,"Jun"
6,"UNH Pier","Alex",165,"Jun"
6,"UNH Pier","Alex",22.5,"Jun"
6,"UNH Pier","Alex",172.5,"Jun"
7,"UNH Pier","Alex",510,"Jul"
7,"UNH Pier","Alex",45,"Jul"
7,"UNH Pier","Alex",157.5,"Jul"
7,"UNH Pier","Alex",37.5,"Jul"
7,"UNH Pier","Alex",15,"Jul"
8,"UNH Pier","Alex",0,"Aug"
8,"UNH Pier","Alex",0,"Aug"
8,"UNH Pier","Alex",0,"Aug"
8,"UNH Pier","Alex",0,"Aug"
9,"UNH Pier","Alex",0,"Sep"
9,"UNH Pier","Alex",0,"Sep"
9,"UNH Pier","Alex",0,"Sep"
9,"UNH Pier","Alex",0,"Sep"
9,"UNH Pier","Alex",0,"Sep"
10,"UNH Pier","Alex",0,"Oct"
10,"UNH Pier","Alex",0,"Oct"
10,"UNH Pier","Alex",0,"Oct"
10,"UNH Pier","Alex",0,"Oct"
11,"UNH Pier","Alex",0,"Nov"
11,"UNH Pier","Alex",0,"Nov"
11,"UNH Pier","Alex",0,"Nov"
11,"UNH Pier","Alex",0,"Nov"
2,"UNH Pier","Alex",0,"Feb"
2,"UNH Pier","Alex",0,"Feb"
2,"UNH Pier","Alex",0,"Feb"
2,"UNH Pier","Alex",0,"Feb"
3,"UNH Pier","Alex",0,"Mar"
3,"UNH Pier","Alex",0,"Mar"
3,"UNH Pier","Alex",30,"Mar"
3,"UNH Pier","Alex",22.5,"Mar"
3,"UNH Pier","Alex",0,"Mar"
4,"UNH Pier","Alex",0,"Apr"
4,"UNH Pier","Alex",0,"Apr"
4,"UNH Pier","Alex",0,"Apr"
4,"UNH Pier","Alex",0,"Apr"
5,"UNH Pier","Alex",15,"May"
5,"UNH Pier","Alex",0,"May"
5,"UNH Pier","Alex",7.5,"May"
5,"UNH Pier","Alex",0,"May"
6,"UNH Pier","Alex",0,"Jun"
6,"UNH Pier","Alex",15,"Jun"
6,"UNH Pier","Alex",0,"Jun"
6,"UNH Pier","Alex",0,"Jun"
6,"UNH Pier","Alex",0,"Jun"
7,"UNH Pier","Alex",0,"Jul"
7,"UNH Pier","Alex",0,"Jul"
7,"UNH Pier","Alex",0,"Jul"
7,"UNH Pier","Alex",0,"Jul"
8,"UNH Pier","Alex",0,"Aug"
8,"UNH Pier","Alex",0,"Aug"
8,"UNH Pier","Alex",0,"Aug"
8,"UNH Pier","Alex",0,"Aug"
8,"UNH Pier","Alex",0,"Aug"
9,"UNH Pier","Alex",0,"Sep"
9,"UNH Pier","Alex",0,"Sep"
9,"UNH Pier","Alex",0,"Sep"
9,"UNH Pier","Alex",0,"Sep"
10,"UNH Pier","Alex",0,"Oct"
10,"UNH Pier","Alex",0,"Oct"
10,"UNH Pier","Alex",0,"Oct"
10,"UNH Pier","Alex",0,"Oct"
11,"UNH Pier","Alex",0,"Nov"
11,"UNH Pier","Alex",0,"Nov"
11,"UNH Pier","Alex",0,"Nov"
11,"UNH Pier","Alex",0,"Nov"
11,"UNH Pier","Alex",0,"Nov"
12,"UNH Pier","Alex",0,"Dec"
12,"UNH Pier","Alex",0,"Dec"
12,"UNH Pier","Alex",0,"Dec"
12,"UNH Pier","Alex",0,"Dec"
1,"UNH Pier","Alex",0,"Jan"
1,"UNH Pier","Alex",0,"Jan"
1,"UNH Pier","Alex",0,"Jan"
1,"UNH Pier","Alex",0,"Jan"
2,"UNH Pier","Alex",0,"Feb"
2,"UNH Pier","Alex",0,"Feb"
2,"UNH Pier","Alex",0,"Feb"
2,"UNH Pier","Alex",0,"Feb"
3,"UNH Pier","Alex",0,"Mar"
3,"UNH Pier","Alex",0,"Mar"
3,"UNH Pier","Alex",0,"Mar"
3,"UNH Pier","Alex",0,"Mar"
3,"UNH Pier","Alex",0,"Mar"
4,"UNH Pier","Alex",0,"Apr"
4,"UNH Pier","Alex",22.5,"Apr"
4,"UNH Pier","Alex",15,"Apr"
4,"UNH Pier","Alex",0,"Apr"
5,"UNH Pier","Alex",15,"May"
5,"UNH Pier","Alex",0,"May"
5,"UNH Pier","Alex",22.5,"May"
5,"UNH Pier","Alex",0,"May"
5,"UNH Pier","Alex",0,"May"
6,"UNH Pier","Alex",0,"Jun"
6,"UNH Pier","Alex",0,"Jun"
6,"UNH Pier","Alex",7.5,"Jun"
6,"UNH Pier","Alex",7.5,"Jun"
7,"UNH Pier","Alex",0,"Jul"
7,"UNH Pier","Alex",0,"Jul"
7,"UNH Pier","Alex",0,"Jul"
7,"UNH Pier","Alex",0,"Jul"
8,"UNH Pier","Alex",7.5,"Aug"
8,"UNH Pier","Alex",0,"Aug"
8,"UNH Pier","Alex",0,"Aug"
8,"UNH Pier","Alex",0,"Aug"
8,"UNH Pier","Alex",NA,"Aug"
9,"UNH Pier","Alex",NA,"Sep"
9,"UNH Pier","Alex",NA,"Sep"
9,"UNH Pier","Alex",0,"Sep"
9,"UNH Pier","Alex",0,"Sep"
10,"UNH Pier","Alex",NA,"Oct"
10,"UNH Pier","Alex",NA,"Oct"
10,"UNH Pier","Alex",NA,"Oct"
10,"UNH Pier","Alex",NA,"Oct"
10,"UNH Pier","Alex",0,"Oct"
11,"UNH Pier","Alex",0,"Nov"
11,"UNH Pier","Alex",0,"Nov"
11,"UNH Pier","Alex",NA,"Nov"
11,"UNH Pier","Alex",0,"Nov"
12,"UNH Pier","Alex",0,"Dec"
12,"UNH Pier","Alex",0,"Dec"
12,"UNH Pier","Alex",0,"Dec"
12,"UNH Pier","Alex",0,"Dec"
1,"UNH Pier","Alex",0,"Jan"
1,"UNH Pier","Alex",0,"Jan"
1,"UNH Pier","Alex",0,"Jan"
1,"UNH Pier","Alex",0,"Jan"
1,"UNH Pier","Alex",0,"Jan"
2,"UNH Pier","Alex",0,"Feb"
2,"UNH Pier","Alex",0,"Feb"
2,"UNH Pier","Large_PN",0,"Feb"
3,"UNH Pier","Large_PN",0,"Mar"
3,"UNH Pier","Large_PN",0,"Mar"
3,"UNH Pier","Large_PN",0,"Mar"
3,"UNH Pier","Large_PN",0,"Mar"
3,"UNH Pier","Large_PN",0,"Mar"
4,"UNH Pier","Large_PN",0,"Apr"
4,"UNH Pier","Large_PN",0,"Apr"
4,"UNH Pier","Large_PN",0,"Apr"
4,"UNH Pier","Large_PN",0,"Apr"
5,"UNH Pier","Large_PN",0,"May"
5,"UNH Pier","Large_PN",0,"May"
5,"UNH Pier","Large_PN",0,"May"
5,"UNH Pier","Large_PN",0,"May"
6,"UNH Pier","Large_PN",0,"Jun"
6,"UNH Pier","Large_PN",0,"Jun"
6,"UNH Pier","Large_PN",105,"Jun"
6,"UNH Pier","Large_PN",360,"Jun"
6,"UNH Pier","Large_PN",495,"Jun"
7,"UNH Pier","Large_PN",0,"Jul"
7,"UNH Pier","Large_PN",60,"Jul"
7,"UNH Pier","Large_PN",0,"Jul"
7,"UNH Pier","Large_PN",0,"Jul"
8,"UNH Pier","Large_PN",0,"Aug"
8,"UNH Pier","Large_PN",0,"Aug"
8,"UNH Pier","Large_PN",0,"Aug"
8,"UNH Pier","Large_PN",0,"Aug"
9,"UNH Pier","Large_PN",0,"Sep"
9,"UNH Pier","Large_PN",0,"Sep"
9,"UNH Pier","Large_PN",0,"Sep"
9,"UNH Pier","Large_PN",172.5,"Sep"
9,"UNH Pier","Large_PN",345,"Sep"
10,"UNH Pier","Large_PN",247.5,"Oct"
10,"UNH Pier","Large_PN",0,"Oct"
10,"UNH Pier","Large_PN",0,"Oct"
10,"UNH Pier","Large_PN",0,"Oct"
11,"UNH Pier","Large_PN",0,"Nov"
11,"UNH Pier","Large_PN",15,"Nov"
11,"UNH Pier","Large_PN",120,"Nov"
11,"UNH Pier","Large_PN",105,"Nov"
11,"UNH Pier","Large_PN",607.5,"Nov"
12,"UNH Pier","Large_PN",855,"Dec"
12,"UNH Pier","Large_PN",870,"Dec"
12,"UNH Pier","Large_PN",705,"Dec"
12,"UNH Pier","Large_PN",255,"Dec"
1,"UNH Pier","Large_PN",180,"Jan"
1,"UNH Pier","Large_PN",270,"Jan"
1,"UNH Pier","Large_PN",165,"Jan"
1,"UNH Pier","Large_PN",0,"Jan"
1,"UNH Pier","Large_PN",97.5,"Jan"
2,"UNH Pier","Large_PN",60,"Feb"
2,"UNH Pier","Large_PN",0,"Feb"
2,"UNH Pier","Large_PN",135,"Feb"
2,"UNH Pier","Large_PN",0,"Feb"
3,"UNH Pier","Large_PN",0,"Mar"
3,"UNH Pier","Large_PN",0,"Mar"
3,"UNH Pier","Large_PN",0,"Mar"
3,"UNH Pier","Large_PN",0,"Mar"
4,"UNH Pier","Large_PN",0,"Apr"
4,"UNH Pier","Large_PN",0,"Apr"
4,"UNH Pier","Large_PN",0,"Apr"
4,"UNH Pier","Large_PN",0,"Apr"
4,"UNH Pier","Large_PN",0,"Apr"
5,"UNH Pier","Large_PN",0,"May"
5,"UNH Pier","Large_PN",0,"May"
5,"UNH Pier","Large_PN",0,"May"
5,"UNH Pier","Large_PN",37.5,"May"
6,"UNH Pier","Large_PN",0,"Jun"
6,"UNH Pier","Large_PN",0,"Jun"
6,"UNH Pier","Large_PN",0,"Jun"
6,"UNH Pier","Large_PN",0,"Jun"
6,"UNH Pier","Large_PN",75,"Jun"
7,"UNH Pier","Large_PN",270,"Jul"
7,"UNH Pier","Large_PN",397.5,"Jul"
7,"UNH Pier","Large_PN",97.5,"Jul"
7,"UNH Pier","Large_PN",375,"Jul"
7,"UNH Pier","Large_PN",97.5,"Jul"
8,"UNH Pier","Large_PN",52.5,"Aug"
8,"UNH Pier","Large_PN",217.5,"Aug"
8,"UNH Pier","Large_PN",157.5,"Aug"
8,"UNH Pier","Large_PN",45,"Aug"
9,"UNH Pier","Large_PN",210,"Sep"
9,"UNH Pier","Large_PN",0,"Sep"
9,"UNH Pier","Large_PN",0,"Sep"
9,"UNH Pier","Large_PN",0,"Sep"
10,"UNH Pier","Large_PN",60,"Oct"
10,"UNH Pier","Large_PN",120,"Oct"
10,"UNH Pier","Large_PN",0,"Oct"
10,"UNH Pier","Large_PN",555,"Oct"
11,"UNH Pier","Large_PN",172.5,"Nov"
11,"UNH Pier","Large_PN",37.5,"Nov"
11,"UNH Pier","Large_PN",0,"Nov"
11,"UNH Pier","Large_PN",0,"Nov"
12,"UNH Pier","Large_PN",0,"Dec"
12,"UNH Pier","Large_PN",0,"Dec"
12,"UNH Pier","Large_PN",60,"Dec"
1,"UNH Pier","Large_PN",0,"Jan"
1,"UNH Pier","Large_PN",0,"Jan"
2,"UNH Pier","Large_PN",0,"Feb"
2,"UNH Pier","Large_PN",0,"Feb"
2,"UNH Pier","Large_PN",0,"Feb"
3,"UNH Pier","Large_PN",0,"Mar"
3,"UNH Pier","Large_PN",0,"Mar"
3,"UNH Pier","Large_PN",0,"Mar"
3,"UNH Pier","Large_PN",0,"Mar"
4,"UNH Pier","Large_PN",0,"Apr"
4,"UNH Pier","Large_PN",0,"Apr"
4,"UNH Pier","Large_PN",0,"Apr"
4,"UNH Pier","Large_PN",0,"Apr"
4,"UNH Pier","Large_PN",0,"Apr"
5,"UNH Pier","Large_PN",0,"May"
5,"UNH Pier","Large_PN",0,"May"
5,"UNH Pier","Large_PN",0,"May"
5,"UNH Pier","Large_PN",0,"May"
6,"UNH Pier","Large_PN",0,"Jun"
6,"UNH Pier","Large_PN",105,"Jun"
6,"UNH Pier","Large_PN",0,"Jun"
6,"UNH Pier","Large_PN",15,"Jun"
7,"UNH Pier","Large_PN",0,"Jul"
7,"UNH Pier","Large_PN",0,"Jul"
7,"UNH Pier","Large_PN",120,"Jul"
7,"UNH Pier","Large_PN",1980,"Jul"
7,"UNH Pier","Large_PN",127.5,"Jul"
8,"UNH Pier","Large_PN",3225,"Aug"
8,"UNH Pier","Large_PN",2250,"Aug"
8,"UNH Pier","Large_PN",150,"Aug"
8,"UNH Pier","Large_PN",60,"Aug"
9,"UNH Pier","Large_PN",0,"Sep"
9,"UNH Pier","Large_PN",30,"Sep"
9,"UNH Pier","Large_PN",30,"Sep"
9,"UNH Pier","Large_PN",480,"Sep"
9,"UNH Pier","Large_PN",240,"Sep"
10,"UNH Pier","Large_PN",0,"Oct"
10,"UNH Pier","Large_PN",210,"Oct"
10,"UNH Pier","Large_PN",0,"Oct"
10,"UNH Pier","Large_PN",0,"Oct"
11,"UNH Pier","Large_PN",0,"Nov"
11,"UNH Pier","Large_PN",0,"Nov"
11,"UNH Pier","Large_PN",0,"Nov"
11,"UNH Pier","Large_PN",0,"Nov"
2,"UNH Pier","Large_PN",0,"Feb"
2,"UNH Pier","Large_PN",0,"Feb"
2,"UNH Pier","Large_PN",0,"Feb"
2,"UNH Pier","Large_PN",0,"Feb"
3,"UNH Pier","Large_PN",0,"Mar"
3,"UNH Pier","Large_PN",0,"Mar"
3,"UNH Pier","Large_PN",0,"Mar"
3,"UNH Pier","Large_PN",105,"Mar"
3,"UNH Pier","Large_PN",0,"Mar"
4,"UNH Pier","Large_PN",0,"Apr"
4,"UNH Pier","Large_PN",0,"Apr"
4,"UNH Pier","Large_PN",0,"Apr"
4,"UNH Pier","Large_PN",0,"Apr"
5,"UNH Pier","Large_PN",0,"May"
5,"UNH Pier","Large_PN",0,"May"
5,"UNH Pier","Large_PN",0,"May"
5,"UNH Pier","Large_PN",1980,"May"
6,"UNH Pier","Large_PN",6202.5,"Jun"
6,"UNH Pier","Large_PN",630,"Jun"
6,"UNH Pier","Large_PN",0,"Jun"
6,"UNH Pier","Large_PN",0,"Jun"
6,"UNH Pier","Large_PN",0,"Jun"
7,"UNH Pier","Large_PN",0,"Jul"
7,"UNH Pier","Large_PN",0,"Jul"
7,"UNH Pier","Large_PN",157.5,"Jul"
7,"UNH Pier","Large_PN",1170,"Jul"
8,"UNH Pier","Large_PN",240,"Aug"
8,"UNH Pier","Large_PN",435,"Aug"
8,"UNH Pier","Large_PN",90,"Aug"
8,"UNH Pier","Large_PN",90,"Aug"
8,"UNH Pier","Large_PN",105,"Aug"
9,"UNH Pier","Large_PN",1530,"Sep"
9,"UNH Pier","Large_PN",4485,"Sep"
9,"UNH Pier","Large_PN",6952.5,"Sep"
9,"UNH Pier","Large_PN",855,"Sep"
10,"UNH Pier","Large_PN",6472.5,"Oct"
10,"UNH Pier","Large_PN",9787.5,"Oct"
10,"UNH Pier","Large_PN",960,"Oct"
10,"UNH Pier","Large_PN",3630,"Oct"
11,"UNH Pier","Large_PN",67.5,"Nov"
11,"UNH Pier","Large_PN",82.5,"Nov"
11,"UNH Pier","Large_PN",5595,"Nov"
11,"UNH Pier","Large_PN",2992.5,"Nov"
11,"UNH Pier","Large_PN",4575,"Nov"
12,"UNH Pier","Large_PN",630,"Dec"
12,"UNH Pier","Large_PN",202.5,"Dec"
12,"UNH Pier","Large_PN",60,"Dec"
12,"UNH Pier","Large_PN",30,"Dec"
1,"UNH Pier","Large_PN",45,"Jan"
1,"UNH Pier","Large_PN",90,"Jan"
1,"UNH Pier","Large_PN",0,"Jan"
1,"UNH Pier","Large_PN",0,"Jan"
2,"UNH Pier","Large_PN",0,"Feb"
2,"UNH Pier","Large_PN",0,"Feb"
2,"UNH Pier","Large_PN",0,"Feb"
2,"UNH Pier","Large_PN",0,"Feb"
3,"UNH Pier","Large_PN",0,"Mar"
3,"UNH Pier","Large_PN",0,"Mar"
3,"UNH Pier","Large_PN",0,"Mar"
3,"UNH Pier","Large_PN",105,"Mar"
3,"UNH Pier","Large_PN",0,"Mar"
4,"UNH Pier","Large_PN",0,"Apr"
4,"UNH Pier","Large_PN",0,"Apr"
4,"UNH Pier","Large_PN",0,"Apr"
4,"UNH Pier","Large_PN",0,"Apr"
5,"UNH Pier","Large_PN",0,"May"
5,"UNH Pier","Large_PN",0,"May"
5,"UNH Pier","Large_PN",0,"May"
5,"UNH Pier","Large_PN",0,"May"
5,"UNH Pier","Large_PN",0,"May"
6,"UNH Pier","Large_PN",0,"Jun"
6,"UNH Pier","Large_PN",172.5,"Jun"
6,"UNH Pier","Large_PN",3022.5,"Jun"
6,"UNH Pier","Large_PN",3247.5,"Jun"
7,"UNH Pier","Large_PN",645,"Jul"
7,"UNH Pier","Large_PN",7.5,"Jul"
7,"UNH Pier","Large_PN",0,"Jul"
7,"UNH Pier","Large_PN",37.5,"Jul"
8,"UNH Pier","Large_PN",0,"Aug"
8,"UNH Pier","Large_PN",127.5,"Aug"
8,"UNH Pier","Large_PN",0,"Aug"
8,"UNH Pier","Large_PN",0,"Aug"
8,"UNH Pier","Large_PN",NA,"Aug"
9,"UNH Pier","Large_PN",NA,"Sep"
9,"UNH Pier","Large_PN",NA,"Sep"
9,"UNH Pier","Large_PN",0,"Sep"
9,"UNH Pier","Large_PN",97.5,"Sep"
10,"UNH Pier","Large_PN",NA,"Oct"
10,"UNH Pier","Large_PN",NA,"Oct"
10,"UNH Pier","Large_PN",NA,"Oct"
10,"UNH Pier","Large_PN",NA,"Oct"
10,"UNH Pier","Large_PN",0,"Oct"
11,"UNH Pier","Large_PN",0,"Nov"
11,"UNH Pier","Large_PN",30,"Nov"
11,"UNH Pier","Large_PN",NA,"Nov"
11,"UNH Pier","Large_PN",30,"Nov"
12,"UNH Pier","Large_PN",300,"Dec"
12,"UNH Pier","Large_PN",90,"Dec"
12,"UNH Pier","Large_PN",7.5,"Dec"
12,"UNH Pier","Large_PN",60,"Dec"
1,"UNH Pier","Large_PN",75,"Jan"
1,"UNH Pier","Large_PN",67.5,"Jan"
1,"UNH Pier","Large_PN",0,"Jan"
1,"UNH Pier","Large_PN",60,"Jan"
1,"UNH Pier","Large_PN",7.5,"Jan"
2,"UNH Pier","Large_PN",0,"Feb"
2,"UNH Pier","Large_PN",0,"Feb"
2,"UNH Pier","Small_PN",0,"Feb"
3,"UNH Pier","Small_PN",0,"Mar"
3,"UNH Pier","Small_PN",30,"Mar"
3,"UNH Pier","Small_PN",0,"Mar"
3,"UNH Pier","Small_PN",0,"Mar"
3,"UNH Pier","Small_PN",30,"Mar"
4,"UNH Pier","Small_PN",0,"Apr"
4,"UNH Pier","Small_PN",0,"Apr"
4,"UNH Pier","Small_PN",0,"Apr"
4,"UNH Pier","Small_PN",0,"Apr"
5,"UNH Pier","Small_PN",0,"May"
5,"UNH Pier","Small_PN",0,"May"
5,"UNH Pier","Small_PN",0,"May"
5,"UNH Pier","Small_PN",0,"May"
6,"UNH Pier","Small_PN",0,"Jun"
6,"UNH Pier","Small_PN",0,"Jun"
6,"UNH Pier","Small_PN",90,"Jun"
6,"UNH Pier","Small_PN",30,"Jun"
6,"UNH Pier","Small_PN",277.5,"Jun"
7,"UNH Pier","Small_PN",0,"Jul"
7,"UNH Pier","Small_PN",0,"Jul"
7,"UNH Pier","Small_PN",45,"Jul"
7,"UNH Pier","Small_PN",75,"Jul"
8,"UNH Pier","Small_PN",0,"Aug"
8,"UNH Pier","Small_PN",0,"Aug"
8,"UNH Pier","Small_PN",0,"Aug"
8,"UNH Pier","Small_PN",0,"Aug"
9,"UNH Pier","Small_PN",0,"Sep"
9,"UNH Pier","Small_PN",0,"Sep"
9,"UNH Pier","Small_PN",262.5,"Sep"
9,"UNH Pier","Small_PN",240,"Sep"
9,"UNH Pier","Small_PN",1230,"Sep"
10,"UNH Pier","Small_PN",1027.5,"Oct"
10,"UNH Pier","Small_PN",15,"Oct"
10,"UNH Pier","Small_PN",15,"Oct"
10,"UNH Pier","Small_PN",0,"Oct"
11,"UNH Pier","Small_PN",0,"Nov"
11,"UNH Pier","Small_PN",30,"Nov"
11,"UNH Pier","Small_PN",82.5,"Nov"
11,"UNH Pier","Small_PN",60,"Nov"
11,"UNH Pier","Small_PN",472.5,"Nov"
12,"UNH Pier","Small_PN",615,"Dec"
12,"UNH Pier","Small_PN",720,"Dec"
12,"UNH Pier","Small_PN",540,"Dec"
12,"UNH Pier","Small_PN",22.5,"Dec"
1,"UNH Pier","Small_PN",0,"Jan"
1,"UNH Pier","Small_PN",0,"Jan"
1,"UNH Pier","Small_PN",0,"Jan"
1,"UNH Pier","Small_PN",0,"Jan"
1,"UNH Pier","Small_PN",142.5,"Jan"
2,"UNH Pier","Small_PN",67.5,"Feb"
2,"UNH Pier","Small_PN",15,"Feb"
2,"UNH Pier","Small_PN",67.5,"Feb"
2,"UNH Pier","Small_PN",0,"Feb"
3,"UNH Pier","Small_PN",0,"Mar"
3,"UNH Pier","Small_PN",0,"Mar"
3,"UNH Pier","Small_PN",0,"Mar"
3,"UNH Pier","Small_PN",52.5,"Mar"
4,"UNH Pier","Small_PN",0,"Apr"
4,"UNH Pier","Small_PN",0,"Apr"
4,"UNH Pier","Small_PN",7.5,"Apr"
4,"UNH Pier","Small_PN",0,"Apr"
4,"UNH Pier","Small_PN",0,"Apr"
5,"UNH Pier","Small_PN",0,"May"
5,"UNH Pier","Small_PN",0,"May"
5,"UNH Pier","Small_PN",1560,"May"
5,"UNH Pier","Small_PN",202.5,"May"
6,"UNH Pier","Small_PN",0,"Jun"
6,"UNH Pier","Small_PN",0,"Jun"
6,"UNH Pier","Small_PN",0,"Jun"
6,"UNH Pier","Small_PN",0,"Jun"
6,"UNH Pier","Small_PN",2010,"Jun"
7,"UNH Pier","Small_PN",435,"Jul"
7,"UNH Pier","Small_PN",480,"Jul"
7,"UNH Pier","Small_PN",52.5,"Jul"
7,"UNH Pier","Small_PN",270,"Jul"
7,"UNH Pier","Small_PN",37.5,"Jul"
8,"UNH Pier","Small_PN",0,"Aug"
8,"UNH Pier","Small_PN",67.5,"Aug"
8,"UNH Pier","Small_PN",82.5,"Aug"
8,"UNH Pier","Small_PN",22.5,"Aug"
9,"UNH Pier","Small_PN",60,"Sep"
9,"UNH Pier","Small_PN",0,"Sep"
9,"UNH Pier","Small_PN",0,"Sep"
9,"UNH Pier","Small_PN",0,"Sep"
10,"UNH Pier","Small_PN",165,"Oct"
10,"UNH Pier","Small_PN",67.5,"Oct"
10,"UNH Pier","Small_PN",60,"Oct"
10,"UNH Pier","Small_PN",97.5,"Oct"
11,"UNH Pier","Small_PN",345,"Nov"
11,"UNH Pier","Small_PN",82.5,"Nov"
11,"UNH Pier","Small_PN",0,"Nov"
11,"UNH Pier","Small_PN",0,"Nov"
12,"UNH Pier","Small_PN",15,"Dec"
12,"UNH Pier","Small_PN",0,"Dec"
12,"UNH Pier","Small_PN",0,"Dec"
1,"UNH Pier","Small_PN",0,"Jan"
1,"UNH Pier","Small_PN",0,"Jan"
2,"UNH Pier","Small_PN",0,"Feb"
2,"UNH Pier","Small_PN",0,"Feb"
2,"UNH Pier","Small_PN",0,"Feb"
3,"UNH Pier","Small_PN",0,"Mar"
3,"UNH Pier","Small_PN",0,"Mar"
3,"UNH Pier","Small_PN",0,"Mar"
3,"UNH Pier","Small_PN",0,"Mar"
4,"UNH Pier","Small_PN",0,"Apr"
4,"UNH Pier","Small_PN",0,"Apr"
4,"UNH Pier","Small_PN",0,"Apr"
4,"UNH Pier","Small_PN",0,"Apr"
4,"UNH Pier","Small_PN",30,"Apr"
5,"UNH Pier","Small_PN",0,"May"
5,"UNH Pier","Small_PN",0,"May"
5,"UNH Pier","Small_PN",0,"May"
5,"UNH Pier","Small_PN",0,"May"
6,"UNH Pier","Small_PN",0,"Jun"
6,"UNH Pier","Small_PN",0,"Jun"
6,"UNH Pier","Small_PN",0,"Jun"
6,"UNH Pier","Small_PN",67.5,"Jun"
7,"UNH Pier","Small_PN",0,"Jul"
7,"UNH Pier","Small_PN",247.5,"Jul"
7,"UNH Pier","Small_PN",210,"Jul"
7,"UNH Pier","Small_PN",1995,"Jul"
7,"UNH Pier","Small_PN",1185,"Jul"
8,"UNH Pier","Small_PN",30,"Aug"
8,"UNH Pier","Small_PN",180,"Aug"
8,"UNH Pier","Small_PN",0,"Aug"
8,"UNH Pier","Small_PN",0,"Aug"
9,"UNH Pier","Small_PN",165,"Sep"
9,"UNH Pier","Small_PN",30,"Sep"
9,"UNH Pier","Small_PN",30,"Sep"
9,"UNH Pier","Small_PN",2745,"Sep"
9,"UNH Pier","Small_PN",210,"Sep"
10,"UNH Pier","Small_PN",375,"Oct"
10,"UNH Pier","Small_PN",217.5,"Oct"
10,"UNH Pier","Small_PN",120,"Oct"
10,"UNH Pier","Small_PN",0,"Oct"
11,"UNH Pier","Small_PN",0,"Nov"
11,"UNH Pier","Small_PN",0,"Nov"
11,"UNH Pier","Small_PN",0,"Nov"
11,"UNH Pier","Small_PN",0,"Nov"
2,"UNH Pier","Small_PN",67.5,"Feb"
2,"UNH Pier","Small_PN",0,"Feb"
2,"UNH Pier","Small_PN",37.5,"Feb"
2,"UNH Pier","Small_PN",0,"Feb"
3,"UNH Pier","Small_PN",15,"Mar"
3,"UNH Pier","Small_PN",0,"Mar"
3,"UNH Pier","Small_PN",0,"Mar"
3,"UNH Pier","Small_PN",127.5,"Mar"
3,"UNH Pier","Small_PN",292.5,"Mar"
4,"UNH Pier","Small_PN",0,"Apr"
4,"UNH Pier","Small_PN",0,"Apr"
4,"UNH Pier","Small_PN",0,"Apr"
4,"UNH Pier","Small_PN",90,"Apr"
5,"UNH Pier","Small_PN",412.5,"May"
5,"UNH Pier","Small_PN",0,"May"
5,"UNH Pier","Small_PN",75,"May"
5,"UNH Pier","Small_PN",2962.5,"May"
6,"UNH Pier","Small_PN",13162.5,"Jun"
6,"UNH Pier","Small_PN",320000,"Jun"
6,"UNH Pier","Small_PN",5287.5,"Jun"
6,"UNH Pier","Small_PN",13965,"Jun"
6,"UNH Pier","Small_PN",53325,"Jun"
7,"UNH Pier","Small_PN",982.5,"Jul"
7,"UNH Pier","Small_PN",1162.5,"Jul"
7,"UNH Pier","Small_PN",930,"Jul"
7,"UNH Pier","Small_PN",892.5,"Jul"
8,"UNH Pier","Small_PN",187.5,"Aug"
8,"UNH Pier","Small_PN",202.5,"Aug"
8,"UNH Pier","Small_PN",60,"Aug"
8,"UNH Pier","Small_PN",60,"Aug"
8,"UNH Pier","Small_PN",225,"Aug"
9,"UNH Pier","Small_PN",32580,"Sep"
9,"UNH Pier","Small_PN",10890,"Sep"
9,"UNH Pier","Small_PN",750,"Sep"
9,"UNH Pier","Small_PN",30,"Sep"
10,"UNH Pier","Small_PN",67.5,"Oct"
10,"UNH Pier","Small_PN",592.5,"Oct"
10,"UNH Pier","Small_PN",22.5,"Oct"
10,"UNH Pier","Small_PN",0,"Oct"
11,"UNH Pier","Small_PN",7.5,"Nov"
11,"UNH Pier","Small_PN",22.5,"Nov"
11,"UNH Pier","Small_PN",75,"Nov"
11,"UNH Pier","Small_PN",0,"Nov"
11,"UNH Pier","Small_PN",615,"Nov"
12,"UNH Pier","Small_PN",0,"Dec"
12,"UNH Pier","Small_PN",0,"Dec"
12,"UNH Pier","Small_PN",75,"Dec"
12,"UNH Pier","Small_PN",82.5,"Dec"
1,"UNH Pier","Small_PN",127.5,"Jan"
1,"UNH Pier","Small_PN",52.5,"Jan"
1,"UNH Pier","Small_PN",52.5,"Jan"
1,"UNH Pier","Small_PN",0,"Jan"
2,"UNH Pier","Small_PN",0,"Feb"
2,"UNH Pier","Small_PN",0,"Feb"
2,"UNH Pier","Small_PN",0,"Feb"
2,"UNH Pier","Small_PN",0,"Feb"
3,"UNH Pier","Small_PN",0,"Mar"
3,"UNH Pier","Small_PN",0,"Mar"
3,"UNH Pier","Small_PN",0,"Mar"
3,"UNH Pier","Small_PN",0,"Mar"
3,"UNH Pier","Small_PN",0,"Mar"
4,"UNH Pier","Small_PN",0,"Apr"
4,"UNH Pier","Small_PN",0,"Apr"
4,"UNH Pier","Small_PN",0,"Apr"
4,"UNH Pier","Small_PN",0,"Apr"
5,"UNH Pier","Small_PN",0,"May"
5,"UNH Pier","Small_PN",0,"May"
5,"UNH Pier","Small_PN",0,"May"
5,"UNH Pier","Small_PN",0,"May"
5,"UNH Pier","Small_PN",0,"May"
6,"UNH Pier","Small_PN",0,"Jun"
6,"UNH Pier","Small_PN",37.5,"Jun"
6,"UNH Pier","Small_PN",1350,"Jun"
6,"UNH Pier","Small_PN",877.5,"Jun"
7,"UNH Pier","Small_PN",22.5,"Jul"
7,"UNH Pier","Small_PN",90,"Jul"
7,"UNH Pier","Small_PN",22.5,"Jul"
7,"UNH Pier","Small_PN",30,"Jul"
8,"UNH Pier","Small_PN",112.5,"Aug"
8,"UNH Pier","Small_PN",0,"Aug"
8,"UNH Pier","Small_PN",0,"Aug"
8,"UNH Pier","Small_PN",0,"Aug"
8,"UNH Pier","Small_PN",NA,"Aug"
9,"UNH Pier","Small_PN",NA,"Sep"
9,"UNH Pier","Small_PN",NA,"Sep"
9,"UNH Pier","Small_PN",37.5,"Sep"
9,"UNH Pier","Small_PN",0,"Sep"
10,"UNH Pier","Small_PN",NA,"Oct"
10,"UNH Pier","Small_PN",NA,"Oct"
10,"UNH Pier","Small_PN",NA,"Oct"
10,"UNH Pier","Small_PN",NA,"Oct"
10,"UNH Pier","Small_PN",0,"Oct"
11,"UNH Pier","Small_PN",0,"Nov"
11,"UNH Pier","Small_PN",37.5,"Nov"
11,"UNH Pier","Small_PN",NA,"Nov"
11,"UNH Pier","Small_PN",0,"Nov"
12,"UNH Pier","Small_PN",0,"Dec"
12,"UNH Pier","Small_PN",0,"Dec"
12,"UNH Pier","Small_PN",0,"Dec"
12,"UNH Pier","Small_PN",0,"Dec"
1,"UNH Pier","Small_PN",0,"Jan"
1,"UNH Pier","Small_PN",0,"Jan"
1,"UNH Pier","Small_PN",0,"Jan"
1,"UNH Pier","Small_PN",0,"Jan"
1,"UNH Pier","Small_PN",0,"Jan"
2,"UNH Pier","Small_PN",757.5,"Feb"
2,"UNH Pier","Small_PN",877.5,"Feb"
2,"HHHR2","Alex",0,"Feb"
3,"HHHR2","Alex",0,"Mar"
3,"HHHR2","Alex",0,"Mar"
3,"HHHR2","Alex",0,"Mar"
3,"HHHR2","Alex",0,"Mar"
4,"HHHR2","Alex",0,"Apr"
4,"HHHR2","Alex",0,"Apr"
4,"HHHR2","Alex",22.5,"Apr"
4,"HHHR2","Alex",0,"Apr"
5,"HHHR2","Alex",45,"May"
5,"HHHR2","Alex",22.5,"May"
5,"HHHR2","Alex",7.5,"May"
5,"HHHR2","Alex",7.5,"May"
6,"HHHR2","Alex",22.5,"Jun"
6,"HHHR2","Alex",67.5,"Jun"
6,"HHHR2","Alex",15,"Jun"
6,"HHHR2","Alex",0,"Jun"
7,"HHHR2","Alex",52.5,"Jul"
7,"HHHR2","Alex",7.5,"Jul"
7,"HHHR2","Alex",7.5,"Jul"
7,"HHHR2","Alex",0,"Jul"
7,"HHHR2","Alex",0,"Jul"
8,"HHHR2","Alex",0,"Aug"
8,"HHHR2","Alex",0,"Aug"
8,"HHHR2","Alex",0,"Aug"
8,"HHHR2","Alex",0,"Aug"
9,"HHHR2","Alex",0,"Sep"
9,"HHHR2","Alex",0,"Sep"
9,"HHHR2","Alex",0,"Sep"
9,"HHHR2","Alex",0,"Sep"
10,"HHHR2","Alex",0,"Oct"
10,"HHHR2","Alex",0,"Oct"
10,"HHHR2","Alex",0,"Oct"
10,"HHHR2","Alex",0,"Oct"
10,"HHHR2","Alex",0,"Oct"
11,"HHHR2","Alex",0,"Nov"
11,"HHHR2","Alex",0,"Nov"
11,"HHHR2","Alex",0,"Nov"
11,"HHHR2","Alex",0,"Nov"
12,"HHHR2","Alex",0,"Dec"
12,"HHHR2","Alex",0,"Dec"
12,"HHHR2","Alex",0,"Dec"
12,"HHHR2","Alex",0,"Dec"
12,"HHHR2","Alex",0,"Dec"
12,"HHHR2","Alex",0,"Dec"
1,"HHHR2","Alex",0,"Jan"
1,"HHHR2","Alex",0,"Jan"
1,"HHHR2","Alex",0,"Jan"
1,"HHHR2","Alex",0,"Jan"
1,"HHHR2","Alex",0,"Jan"
2,"HHHR2","Alex",0,"Feb"
2,"HHHR2","Alex",0,"Feb"
2,"HHHR2","Alex",0,"Feb"
2,"HHHR2","Alex",0,"Feb"
3,"HHHR2","Alex",0,"Mar"
3,"HHHR2","Alex",0,"Mar"
3,"HHHR2","Alex",0,"Mar"
3,"HHHR2","Alex",0,"Mar"
3,"HHHR2","Alex",0,"Mar"
4,"HHHR2","Alex",0,"Apr"
4,"HHHR2","Alex",0,"Apr"
4,"HHHR2","Alex",7.5,"Apr"
4,"HHHR2","Alex",7.5,"Apr"
5,"HHHR2","Alex",0,"May"
5,"HHHR2","Alex",0,"May"
5,"HHHR2","Alex",7.5,"May"
5,"HHHR2","Alex",0,"May"
5,"HHHR2","Alex",0,"May"
6,"HHHR2","Alex",22.5,"Jun"
6,"HHHR2","Alex",0,"Jun"
6,"HHHR2","Alex",0,"Jun"
6,"HHHR2","Alex",45,"Jun"
7,"HHHR2","Alex",0,"Jul"
7,"HHHR2","Alex",0,"Jul"
7,"HHHR2","Alex",15,"Jul"
8,"HHHR2","Alex",0,"Aug"
8,"HHHR2","Alex",0,"Aug"
8,"HHHR2","Alex",0,"Aug"
8,"HHHR2","Alex",0,"Aug"
8,"HHHR2","Alex",0,"Aug"
9,"HHHR2","Alex",0,"Sep"
9,"HHHR2","Alex",0,"Sep"
9,"HHHR2","Alex",0,"Sep"
9,"HHHR2","Alex",0,"Sep"
10,"HHHR2","Alex",0,"Oct"
10,"HHHR2","Alex",0,"Oct"
10,"HHHR2","Alex",0,"Oct"
10,"HHHR2","Alex",0,"Oct"
10,"HHHR2","Alex",0,"Oct"
11,"HHHR2","Alex",0,"Nov"
11,"HHHR2","Alex",0,"Nov"
11,"HHHR2","Alex",0,"Nov"
11,"HHHR2","Alex",0,"Nov"
12,"HHHR2","Alex",0,"Dec"
12,"HHHR2","Alex",0,"Dec"
12,"HHHR2","Alex",0,"Dec"
1,"HHHR2","Alex",0,"Jan"
1,"HHHR2","Alex",0,"Jan"
2,"HHHR2","Alex",0,"Feb"
2,"HHHR2","Alex",0,"Feb"
2,"HHHR2","Alex",0,"Feb"
3,"HHHR2","Alex",0,"Mar"
3,"HHHR2","Alex",0,"Mar"
3,"HHHR2","Alex",0,"Mar"
3,"HHHR2","Alex",0,"Mar"
4,"HHHR2","Alex",0,"Apr"
4,"HHHR2","Alex",0,"Apr"
4,"HHHR2","Alex",0,"Apr"
4,"HHHR2","Alex",0,"Apr"
5,"HHHR2","Alex",15,"May"
5,"HHHR2","Alex",15,"May"
5,"HHHR2","Alex",285,"May"
5,"HHHR2","Alex",22.5,"May"
5,"HHHR2","Alex",150,"May"
6,"HHHR2","Alex",502.5,"Jun"
6,"HHHR2","Alex",307.5,"Jun"
6,"HHHR2","Alex",157.5,"Jun"
6,"HHHR2","Alex",307.5,"Jun"
7,"HHHR2","Alex",1807.5,"Jul"
7,"HHHR2","Alex",877.5,"Jul"
7,"HHHR2","Alex",217.5,"Jul"
7,"HHHR2","Alex",30,"Jul"
7,"HHHR2","Alex",75,"Jul"
8,"HHHR2","Alex",15,"Aug"
8,"HHHR2","Alex",0,"Aug"
8,"HHHR2","Alex",0,"Aug"
8,"HHHR2","Alex",0,"Aug"
9,"HHHR2","Alex",0,"Sep"
9,"HHHR2","Alex",0,"Sep"
9,"HHHR2","Alex",0,"Sep"
9,"HHHR2","Alex",0,"Sep"
10,"HHHR2","Alex",0,"Oct"
10,"HHHR2","Alex",0,"Oct"
10,"HHHR2","Alex",0,"Oct"
10,"HHHR2","Alex",0,"Oct"
10,"HHHR2","Alex",0,"Oct"
11,"HHHR2","Alex",0,"Nov"
11,"HHHR2","Alex",0,"Nov"
11,"HHHR2","Alex",0,"Nov"
12,"HHHR2","Alex",0,"Dec"
2,"HHHR2","Alex",0,"Feb"
2,"HHHR2","Alex",0,"Feb"
2,"HHHR2","Alex",0,"Feb"
2,"HHHR2","Alex",0,"Feb"
3,"HHHR2","Alex",0,"Mar"
3,"HHHR2","Alex",0,"Mar"
3,"HHHR2","Alex",0,"Mar"
3,"HHHR2","Alex",0,"Mar"
3,"HHHR2","Alex",0,"Mar"
4,"HHHR2","Alex",0,"Apr"
4,"HHHR2","Alex",0,"Apr"
4,"HHHR2","Alex",0,"Apr"
4,"HHHR2","Alex",0,"Apr"
5,"HHHR2","Alex",0,"May"
5,"HHHR2","Alex",30,"May"
5,"HHHR2","Alex",0,"May"
5,"HHHR2","Alex",0,"May"
5,"HHHR2","Alex",NA,"May"
6,"HHHR2","Alex",0,"Jun"
6,"HHHR2","Alex",0,"Jun"
6,"HHHR2","Alex",0,"Jun"
6,"HHHR2","Alex",0,"Jun"
6,"HHHR2","Alex",0,"Jun"
7,"HHHR2","Alex",0,"Jul"
7,"HHHR2","Alex",0,"Jul"
7,"HHHR2","Alex",0,"Jul"
7,"HHHR2","Alex",0,"Jul"
8,"HHHR2","Alex",0,"Aug"
8,"HHHR2","Alex",0,"Aug"
8,"HHHR2","Alex",0,"Aug"
8,"HHHR2","Alex",0,"Aug"
8,"HHHR2","Alex",0,"Aug"
9,"HHHR2","Alex",0,"Sep"
9,"HHHR2","Alex",0,"Sep"
9,"HHHR2","Alex",0,"Sep"
9,"HHHR2","Alex",0,"Sep"
10,"HHHR2","Alex",0,"Oct"
10,"HHHR2","Alex",0,"Oct"
10,"HHHR2","Alex",0,"Oct"
10,"HHHR2","Alex",0,"Oct"
11,"HHHR2","Alex",0,"Nov"
11,"HHHR2","Alex",0,"Nov"
11,"HHHR2","Alex",0,"Nov"
11,"HHHR2","Alex",0,"Nov"
11,"HHHR2","Alex",0,"Nov"
12,"HHHR2","Alex",0,"Dec"
12,"HHHR2","Alex",0,"Dec"
12,"HHHR2","Alex",0,"Dec"
12,"HHHR2","Alex",0,"Dec"
1,"HHHR2","Alex",0,"Jan"
1,"HHHR2","Alex",0,"Jan"
1,"HHHR2","Alex",0,"Jan"
1,"HHHR2","Alex",0,"Jan"
2,"HHHR2","Alex",0,"Feb"
2,"HHHR2","Alex",0,"Feb"
2,"HHHR2","Alex",0,"Feb"
2,"HHHR2","Alex",0,"Feb"
3,"HHHR2","Alex",0,"Mar"
3,"HHHR2","Alex",0,"Mar"
3,"HHHR2","Alex",0,"Mar"
3,"HHHR2","Alex",0,"Mar"
3,"HHHR2","Alex",0,"Mar"
4,"HHHR2","Alex",22.5,"Apr"
4,"HHHR2","Alex",7.5,"Apr"
4,"HHHR2","Alex",22.5,"Apr"
4,"HHHR2","Alex",0,"Apr"
5,"HHHR2","Alex",0,"May"
6,"HHHR2","Alex",0,"Jun"
6,"HHHR2","Alex",NA,"Jun"
6,"HHHR2","Alex",NA,"Jun"
6,"HHHR2","Alex",NA,"Jun"
7,"HHHR2","Alex",NA,"Jul"
7,"HHHR2","Alex",NA,"Jul"
7,"HHHR2","Alex",NA,"Jul"
7,"HHHR2","Alex",NA,"Jul"
8,"HHHR2","Alex",NA,"Aug"
8,"HHHR2","Alex",NA,"Aug"
8,"HHHR2","Alex",NA,"Aug"
8,"HHHR2","Alex",NA,"Aug"
8,"HHHR2","Alex",NA,"Aug"
9,"HHHR2","Alex",NA,"Sep"
9,"HHHR2","Alex",NA,"Sep"
9,"HHHR2","Alex",0,"Sep"
9,"HHHR2","Alex",0,"Sep"
10,"HHHR2","Alex",NA,"Oct"
10,"HHHR2","Alex",NA,"Oct"
10,"HHHR2","Alex",NA,"Oct"
10,"HHHR2","Alex",NA,"Oct"
10,"HHHR2","Alex",NA,"Oct"
11,"HHHR2","Alex",NA,"Nov"
11,"HHHR2","Alex",NA,"Nov"
11,"HHHR2","Alex",0,"Nov"
11,"HHHR2","Alex",0,"Nov"
12,"HHHR2","Alex",0,"Dec"
12,"HHHR2","Alex",0,"Dec"
12,"HHHR2","Alex",0,"Dec"
12,"HHHR2","Alex",0,"Dec"
1,"HHHR2","Alex",7.5,"Jan"
1,"HHHR2","Alex",0,"Jan"
1,"HHHR2","Alex",0,"Jan"
1,"HHHR2","Alex",0,"Jan"
1,"HHHR2","Alex",0,"Jan"
2,"HHHR2","Alex",NA,"Feb"
2,"HHHR2","Alex",0,"Feb"
2,"HHHR2","Large_PN",0,"Feb"
3,"HHHR2","Large_PN",0,"Mar"
3,"HHHR2","Large_PN",0,"Mar"
3,"HHHR2","Large_PN",0,"Mar"
3,"HHHR2","Large_PN",0,"Mar"
4,"HHHR2","Large_PN",0,"Apr"
4,"HHHR2","Large_PN",0,"Apr"
4,"HHHR2","Large_PN",0,"Apr"
4,"HHHR2","Large_PN",0,"Apr"
5,"HHHR2","Large_PN",0,"May"
5,"HHHR2","Large_PN",0,"May"
5,"HHHR2","Large_PN",0,"May"
5,"HHHR2","Large_PN",0,"May"
6,"HHHR2","Large_PN",0,"Jun"
6,"HHHR2","Large_PN",240,"Jun"
6,"HHHR2","Large_PN",420,"Jun"
6,"HHHR2","Large_PN",4342.5,"Jun"
7,"HHHR2","Large_PN",60,"Jul"
7,"HHHR2","Large_PN",30,"Jul"
7,"HHHR2","Large_PN",172.5,"Jul"
7,"HHHR2","Large_PN",37.5,"Jul"
7,"HHHR2","Large_PN",15,"Jul"
8,"HHHR2","Large_PN",172.5,"Aug"
8,"HHHR2","Large_PN",67.5,"Aug"
8,"HHHR2","Large_PN",0,"Aug"
8,"HHHR2","Large_PN",0,"Aug"
9,"HHHR2","Large_PN",0,"Sep"
9,"HHHR2","Large_PN",0,"Sep"
9,"HHHR2","Large_PN",90,"Sep"
9,"HHHR2","Large_PN",142.5,"Sep"
10,"HHHR2","Large_PN",3075,"Oct"
10,"HHHR2","Large_PN",0,"Oct"
10,"HHHR2","Large_PN",0,"Oct"
10,"HHHR2","Large_PN",0,"Oct"
10,"HHHR2","Large_PN",0,"Oct"
11,"HHHR2","Large_PN",0,"Nov"
11,"HHHR2","Large_PN",577.5,"Nov"
11,"HHHR2","Large_PN",217.5,"Nov"
11,"HHHR2","Large_PN",1290,"Nov"
12,"HHHR2","Large_PN",NA,"Dec"
12,"HHHR2","Large_PN",1125,"Dec"
12,"HHHR2","Large_PN",NA,"Dec"
12,"HHHR2","Large_PN",2235,"Dec"
12,"HHHR2","Large_PN",1282.5,"Dec"
12,"HHHR2","Large_PN",1477.5,"Dec"
1,"HHHR2","Large_PN",1035,"Jan"
1,"HHHR2","Large_PN",277.5,"Jan"
1,"HHHR2","Large_PN",82.5,"Jan"
1,"HHHR2","Large_PN",420,"Jan"
1,"HHHR2","Large_PN",120,"Jan"
2,"HHHR2","Large_PN",30,"Feb"
2,"HHHR2","Large_PN",0,"Feb"
2,"HHHR2","Large_PN",840,"Feb"
2,"HHHR2","Large_PN",105,"Feb"
3,"HHHR2","Large_PN",112.5,"Mar"
3,"HHHR2","Large_PN",0,"Mar"
3,"HHHR2","Large_PN",30,"Mar"
3,"HHHR2","Large_PN",0,"Mar"
3,"HHHR2","Large_PN",0,"Mar"
4,"HHHR2","Large_PN",0,"Apr"
4,"HHHR2","Large_PN",0,"Apr"
4,"HHHR2","Large_PN",22.5,"Apr"
4,"HHHR2","Large_PN",0,"Apr"
5,"HHHR2","Large_PN",0,"May"
5,"HHHR2","Large_PN",0,"May"
5,"HHHR2","Large_PN",0,"May"
5,"HHHR2","Large_PN",0,"May"
5,"HHHR2","Large_PN",75,"May"
6,"HHHR2","Large_PN",7.5,"Jun"
6,"HHHR2","Large_PN",0,"Jun"
6,"HHHR2","Large_PN",0,"Jun"
6,"HHHR2","Large_PN",1110,"Jun"
7,"HHHR2","Large_PN",0,"Jul"
7,"HHHR2","Large_PN",0,"Jul"
7,"HHHR2","Large_PN",247.5,"Jul"
8,"HHHR2","Large_PN",120,"Aug"
8,"HHHR2","Large_PN",1170,"Aug"
8,"HHHR2","Large_PN",555,"Aug"
8,"HHHR2","Large_PN",225,"Aug"
8,"HHHR2","Large_PN",1762.5,"Aug"
9,"HHHR2","Large_PN",112.5,"Sep"
9,"HHHR2","Large_PN",0,"Sep"
9,"HHHR2","Large_PN",0,"Sep"
9,"HHHR2","Large_PN",0,"Sep"
10,"HHHR2","Large_PN",0,"Oct"
10,"HHHR2","Large_PN",427.5,"Oct"
10,"HHHR2","Large_PN",30,"Oct"
10,"HHHR2","Large_PN",367.5,"Oct"
10,"HHHR2","Large_PN",255,"Oct"
11,"HHHR2","Large_PN",277.5,"Nov"
11,"HHHR2","Large_PN",0,"Nov"
11,"HHHR2","Large_PN",105,"Nov"
11,"HHHR2","Large_PN",0,"Nov"
12,"HHHR2","Large_PN",0,"Dec"
12,"HHHR2","Large_PN",150,"Dec"
12,"HHHR2","Large_PN",405,"Dec"
1,"HHHR2","Large_PN",0,"Jan"
1,"HHHR2","Large_PN",0,"Jan"
2,"HHHR2","Large_PN",0,"Feb"
2,"HHHR2","Large_PN",0,"Feb"
2,"HHHR2","Large_PN",0,"Feb"
3,"HHHR2","Large_PN",22.5,"Mar"
3,"HHHR2","Large_PN",0,"Mar"
3,"HHHR2","Large_PN",0,"Mar"
3,"HHHR2","Large_PN",0,"Mar"
4,"HHHR2","Large_PN",0,"Apr"
4,"HHHR2","Large_PN",0,"Apr"
4,"HHHR2","Large_PN",0,"Apr"
4,"HHHR2","Large_PN",0,"Apr"
5,"HHHR2","Large_PN",0,"May"
5,"HHHR2","Large_PN",0,"May"
5,"HHHR2","Large_PN",165,"May"
5,"HHHR2","Large_PN",37.5,"May"
5,"HHHR2","Large_PN",15,"May"
6,"HHHR2","Large_PN",0,"Jun"
6,"HHHR2","Large_PN",592.5,"Jun"
6,"HHHR2","Large_PN",1695,"Jun"
6,"HHHR2","Large_PN",0,"Jun"
7,"HHHR2","Large_PN",60,"Jul"
7,"HHHR2","Large_PN",0,"Jul"
7,"HHHR2","Large_PN",90,"Jul"
7,"HHHR2","Large_PN",285,"Jul"
7,"HHHR2","Large_PN",1440,"Jul"
8,"HHHR2","Large_PN",4110,"Aug"
8,"HHHR2","Large_PN",NA,"Aug"
8,"HHHR2","Large_PN",885,"Aug"
8,"HHHR2","Large_PN",172.5,"Aug"
9,"HHHR2","Large_PN",645,"Sep"
9,"HHHR2","Large_PN",360,"Sep"
9,"HHHR2","Large_PN",892.5,"Sep"
9,"HHHR2","Large_PN",382.5,"Sep"
10,"HHHR2","Large_PN",240,"Oct"
10,"HHHR2","Large_PN",0,"Oct"
10,"HHHR2","Large_PN",90,"Oct"
10,"HHHR2","Large_PN",202.5,"Oct"
10,"HHHR2","Large_PN",150,"Oct"
11,"HHHR2","Large_PN",0,"Nov"
11,"HHHR2","Large_PN",60,"Nov"
11,"HHHR2","Large_PN",0,"Nov"
12,"HHHR2","Large_PN",0,"Dec"
2,"HHHR2","Large_PN",180,"Feb"
2,"HHHR2","Large_PN",30,"Feb"
2,"HHHR2","Large_PN",180,"Feb"
2,"HHHR2","Large_PN",0,"Feb"
3,"HHHR2","Large_PN",405,"Mar"
3,"HHHR2","Large_PN",0,"Mar"
3,"HHHR2","Large_PN",0,"Mar"
3,"HHHR2","Large_PN",0,"Mar"
3,"HHHR2","Large_PN",0,"Mar"
4,"HHHR2","Large_PN",0,"Apr"
4,"HHHR2","Large_PN",0,"Apr"
4,"HHHR2","Large_PN",0,"Apr"
4,"HHHR2","Large_PN",0,"Apr"
5,"HHHR2","Large_PN",0,"May"
5,"HHHR2","Large_PN",0,"May"
5,"HHHR2","Large_PN",4605,"May"
5,"HHHR2","Large_PN",0,"May"
5,"HHHR2","Large_PN",NA,"May"
6,"HHHR2","Large_PN",2025,"Jun"
6,"HHHR2","Large_PN",120,"Jun"
6,"HHHR2","Large_PN",0,"Jun"
6,"HHHR2","Large_PN",0,"Jun"
6,"HHHR2","Large_PN",0,"Jun"
7,"HHHR2","Large_PN",0,"Jul"
7,"HHHR2","Large_PN",0,"Jul"
7,"HHHR2","Large_PN",750,"Jul"
7,"HHHR2","Large_PN",705,"Jul"
8,"HHHR2","Large_PN",517.5,"Aug"
8,"HHHR2","Large_PN",1530,"Aug"
8,"HHHR2","Large_PN",82.5,"Aug"
8,"HHHR2","Large_PN",337.5,"Aug"
8,"HHHR2","Large_PN",90,"Aug"
9,"HHHR2","Large_PN",795,"Sep"
9,"HHHR2","Large_PN",4942.5,"Sep"
9,"HHHR2","Large_PN",3172.5,"Sep"
9,"HHHR2","Large_PN",540,"Sep"
10,"HHHR2","Large_PN",20887.5,"Oct"
10,"HHHR2","Large_PN",10905,"Oct"
10,"HHHR2","Large_PN",6787.5,"Oct"
10,"HHHR2","Large_PN",1320,"Oct"
11,"HHHR2","Large_PN",82.5,"Nov"
11,"HHHR2","Large_PN",1470,"Nov"
11,"HHHR2","Large_PN",8400,"Nov"
11,"HHHR2","Large_PN",26767.5,"Nov"
11,"HHHR2","Large_PN",22605,"Nov"
12,"HHHR2","Large_PN",1560,"Dec"
12,"HHHR2","Large_PN",1792.5,"Dec"
12,"HHHR2","Large_PN",187.5,"Dec"
12,"HHHR2","Large_PN",352.5,"Dec"
1,"HHHR2","Large_PN",292.5,"Jan"
1,"HHHR2","Large_PN",180,"Jan"
1,"HHHR2","Large_PN",0,"Jan"
1,"HHHR2","Large_PN",300,"Jan"
2,"HHHR2","Large_PN",45,"Feb"
2,"HHHR2","Large_PN",0,"Feb"
2,"HHHR2","Large_PN",0,"Feb"
2,"HHHR2","Large_PN",0,"Feb"
3,"HHHR2","Large_PN",0,"Mar"
3,"HHHR2","Large_PN",0,"Mar"
3,"HHHR2","Large_PN",0,"Mar"
3,"HHHR2","Large_PN",0,"Mar"
3,"HHHR2","Large_PN",225,"Mar"
4,"HHHR2","Large_PN",0,"Apr"
4,"HHHR2","Large_PN",0,"Apr"
4,"HHHR2","Large_PN",0,"Apr"
4,"HHHR2","Large_PN",0,"Apr"
5,"HHHR2","Large_PN",0,"May"
6,"HHHR2","Large_PN",0,"Jun"
6,"HHHR2","Large_PN",NA,"Jun"
6,"HHHR2","Large_PN",NA,"Jun"
6,"HHHR2","Large_PN",NA,"Jun"
7,"HHHR2","Large_PN",NA,"Jul"
7,"HHHR2","Large_PN",NA,"Jul"
7,"HHHR2","Large_PN",NA,"Jul"
7,"HHHR2","Large_PN",NA,"Jul"
8,"HHHR2","Large_PN",NA,"Aug"
8,"HHHR2","Large_PN",NA,"Aug"
8,"HHHR2","Large_PN",NA,"Aug"
8,"HHHR2","Large_PN",NA,"Aug"
8,"HHHR2","Large_PN",NA,"Aug"
9,"HHHR2","Large_PN",NA,"Sep"
9,"HHHR2","Large_PN",NA,"Sep"
9,"HHHR2","Large_PN",0,"Sep"
9,"HHHR2","Large_PN",0,"Sep"
10,"HHHR2","Large_PN",NA,"Oct"
10,"HHHR2","Large_PN",NA,"Oct"
10,"HHHR2","Large_PN",NA,"Oct"
10,"HHHR2","Large_PN",NA,"Oct"
10,"HHHR2","Large_PN",NA,"Oct"
11,"HHHR2","Large_PN",NA,"Nov"
11,"HHHR2","Large_PN",NA,"Nov"
11,"HHHR2","Large_PN",82.5,"Nov"
11,"HHHR2","Large_PN",165,"Nov"
12,"HHHR2","Large_PN",487.5,"Dec"
12,"HHHR2","Large_PN",0,"Dec"
12,"HHHR2","Large_PN",52.5,"Dec"
12,"HHHR2","Large_PN",105,"Dec"
1,"HHHR2","Large_PN",172.5,"Jan"
1,"HHHR2","Large_PN",187.5,"Jan"
1,"HHHR2","Large_PN",577.5,"Jan"
1,"HHHR2","Large_PN",300,"Jan"
1,"HHHR2","Large_PN",15,"Jan"
2,"HHHR2","Large_PN",NA,"Feb"
2,"HHHR2","Large_PN",30,"Feb"
2,"HHHR2","Small_PN",90,"Feb"
3,"HHHR2","Small_PN",225,"Mar"
3,"HHHR2","Small_PN",127.5,"Mar"
3,"HHHR2","Small_PN",0,"Mar"
3,"HHHR2","Small_PN",0,"Mar"
4,"HHHR2","Small_PN",0,"Apr"
4,"HHHR2","Small_PN",0,"Apr"
4,"HHHR2","Small_PN",30,"Apr"
4,"HHHR2","Small_PN",0,"Apr"
5,"HHHR2","Small_PN",0,"May"
5,"HHHR2","Small_PN",0,"May"
5,"HHHR2","Small_PN",0,"May"
5,"HHHR2","Small_PN",0,"May"
6,"HHHR2","Small_PN",0,"Jun"
6,"HHHR2","Small_PN",60,"Jun"
6,"HHHR2","Small_PN",1087.5,"Jun"
6,"HHHR2","Small_PN",135,"Jun"
7,"HHHR2","Small_PN",45,"Jul"
7,"HHHR2","Small_PN",0,"Jul"
7,"HHHR2","Small_PN",577.5,"Jul"
7,"HHHR2","Small_PN",780,"Jul"
7,"HHHR2","Small_PN",315,"Jul"
8,"HHHR2","Small_PN",397.5,"Aug"
8,"HHHR2","Small_PN",3367.5,"Aug"
8,"HHHR2","Small_PN",0,"Aug"
8,"HHHR2","Small_PN",0,"Aug"
9,"HHHR2","Small_PN",0,"Sep"
9,"HHHR2","Small_PN",1170,"Sep"
9,"HHHR2","Small_PN",997.5,"Sep"
9,"HHHR2","Small_PN",150,"Sep"
10,"HHHR2","Small_PN",NA,"Oct"
10,"HHHR2","Small_PN",300,"Oct"
10,"HHHR2","Small_PN",60,"Oct"
10,"HHHR2","Small_PN",0,"Oct"
10,"HHHR2","Small_PN",0,"Oct"
11,"HHHR2","Small_PN",0,"Nov"
11,"HHHR2","Small_PN",967.5,"Nov"
11,"HHHR2","Small_PN",457.5,"Nov"
11,"HHHR2","Small_PN",1410,"Nov"
12,"HHHR2","Small_PN",NA,"Dec"
12,"HHHR2","Small_PN",900,"Dec"
12,"HHHR2","Small_PN",NA,"Dec"
12,"HHHR2","Small_PN",1695,"Dec"
12,"HHHR2","Small_PN",112.5,"Dec"
12,"HHHR2","Small_PN",0,"Dec"
1,"HHHR2","Small_PN",315,"Jan"
1,"HHHR2","Small_PN",0,"Jan"
1,"HHHR2","Small_PN",0,"Jan"
1,"HHHR2","Small_PN",0,"Jan"
1,"HHHR2","Small_PN",60,"Jan"
2,"HHHR2","Small_PN",0,"Feb"
2,"HHHR2","Small_PN",90,"Feb"
2,"HHHR2","Small_PN",877.5,"Feb"
2,"HHHR2","Small_PN",840,"Feb"
3,"HHHR2","Small_PN",75,"Mar"
3,"HHHR2","Small_PN",0,"Mar"
3,"HHHR2","Small_PN",0,"Mar"
3,"HHHR2","Small_PN",0,"Mar"
3,"HHHR2","Small_PN",0,"Mar"
4,"HHHR2","Small_PN",0,"Apr"
4,"HHHR2","Small_PN",135,"Apr"
4,"HHHR2","Small_PN",22.5,"Apr"
4,"HHHR2","Small_PN",0,"Apr"
5,"HHHR2","Small_PN",0,"May"
5,"HHHR2","Small_PN",0,"May"
5,"HHHR2","Small_PN",0,"May"
5,"HHHR2","Small_PN",20850,"May"
5,"HHHR2","Small_PN",0,"May"
6,"HHHR2","Small_PN",0,"Jun"
6,"HHHR2","Small_PN",0,"Jun"
6,"HHHR2","Small_PN",0,"Jun"
6,"HHHR2","Small_PN",12510,"Jun"
7,"HHHR2","Small_PN",202.5,"Jul"
7,"HHHR2","Small_PN",15,"Jul"
7,"HHHR2","Small_PN",1582.5,"Jul"
8,"HHHR2","Small_PN",37.5,"Aug"
8,"HHHR2","Small_PN",577.5,"Aug"
8,"HHHR2","Small_PN",922.5,"Aug"
8,"HHHR2","Small_PN",45,"Aug"
8,"HHHR2","Small_PN",1852.5,"Aug"
9,"HHHR2","Small_PN",30,"Sep"
9,"HHHR2","Small_PN",0,"Sep"
9,"HHHR2","Small_PN",0,"Sep"
9,"HHHR2","Small_PN",30,"Sep"
10,"HHHR2","Small_PN",0,"Oct"
10,"HHHR2","Small_PN",622.5,"Oct"
10,"HHHR2","Small_PN",180,"Oct"
10,"HHHR2","Small_PN",600,"Oct"
10,"HHHR2","Small_PN",307.5,"Oct"
11,"HHHR2","Small_PN",165,"Nov"
11,"HHHR2","Small_PN",0,"Nov"
11,"HHHR2","Small_PN",0,"Nov"
11,"HHHR2","Small_PN",0,"Nov"
12,"HHHR2","Small_PN",0,"Dec"
12,"HHHR2","Small_PN",0,"Dec"
12,"HHHR2","Small_PN",0,"Dec"
1,"HHHR2","Small_PN",0,"Jan"
1,"HHHR2","Small_PN",0,"Jan"
2,"HHHR2","Small_PN",0,"Feb"
2,"HHHR2","Small_PN",0,"Feb"
2,"HHHR2","Small_PN",0,"Feb"
3,"HHHR2","Small_PN",0,"Mar"
3,"HHHR2","Small_PN",0,"Mar"
3,"HHHR2","Small_PN",0,"Mar"
3,"HHHR2","Small_PN",0,"Mar"
4,"HHHR2","Small_PN",0,"Apr"
4,"HHHR2","Small_PN",0,"Apr"
4,"HHHR2","Small_PN",0,"Apr"
4,"HHHR2","Small_PN",0,"Apr"
5,"HHHR2","Small_PN",0,"May"
5,"HHHR2","Small_PN",0,"May"
5,"HHHR2","Small_PN",30,"May"
5,"HHHR2","Small_PN",22.5,"May"
5,"HHHR2","Small_PN",0,"May"
6,"HHHR2","Small_PN",0,"Jun"
6,"HHHR2","Small_PN",0,"Jun"
6,"HHHR2","Small_PN",135,"Jun"
6,"HHHR2","Small_PN",0,"Jun"
7,"HHHR2","Small_PN",240,"Jul"
7,"HHHR2","Small_PN",0,"Jul"
7,"HHHR2","Small_PN",15,"Jul"
7,"HHHR2","Small_PN",217.5,"Jul"
7,"HHHR2","Small_PN",1417.5,"Jul"
8,"HHHR2","Small_PN",855,"Aug"
8,"HHHR2","Small_PN",3307.5,"Aug"
8,"HHHR2","Small_PN",67.5,"Aug"
8,"HHHR2","Small_PN",15,"Aug"
9,"HHHR2","Small_PN",0,"Sep"
9,"HHHR2","Small_PN",120,"Sep"
9,"HHHR2","Small_PN",705,"Sep"
9,"HHHR2","Small_PN",457.5,"Sep"
10,"HHHR2","Small_PN",60,"Oct"
10,"HHHR2","Small_PN",712.5,"Oct"
10,"HHHR2","Small_PN",135,"Oct"
10,"HHHR2","Small_PN",937.5,"Oct"
10,"HHHR2","Small_PN",217.5,"Oct"
11,"HHHR2","Small_PN",97.5,"Nov"
11,"HHHR2","Small_PN",210,"Nov"
11,"HHHR2","Small_PN",0,"Nov"
12,"HHHR2","Small_PN",0,"Dec"
2,"HHHR2","Small_PN",277.5,"Feb"
2,"HHHR2","Small_PN",397.5,"Feb"
2,"HHHR2","Small_PN",1372.5,"Feb"
2,"HHHR2","Small_PN",3247.5,"Feb"
3,"HHHR2","Small_PN",5362.5,"Mar"
3,"HHHR2","Small_PN",457.5,"Mar"
3,"HHHR2","Small_PN",1597.5,"Mar"
3,"HHHR2","Small_PN",397.5,"Mar"
3,"HHHR2","Small_PN",532.5,"Mar"
4,"HHHR2","Small_PN",0,"Apr"
4,"HHHR2","Small_PN",22.5,"Apr"
4,"HHHR2","Small_PN",30,"Apr"
4,"HHHR2","Small_PN",37.5,"Apr"
5,"HHHR2","Small_PN",817.5,"May"
5,"HHHR2","Small_PN",150,"May"
5,"HHHR2","Small_PN",8475,"May"
5,"HHHR2","Small_PN",NA,"May"
5,"HHHR2","Small_PN",1150000,"May"
6,"HHHR2","Small_PN",520000,"Jun"
6,"HHHR2","Small_PN",420000,"Jun"
6,"HHHR2","Small_PN",8670,"Jun"
6,"HHHR2","Small_PN",66562.5,"Jun"
6,"HHHR2","Small_PN",85087.5,"Jun"
7,"HHHR2","Small_PN",2032.5,"Jul"
7,"HHHR2","Small_PN",285,"Jul"
7,"HHHR2","Small_PN",6915,"Jul"
7,"HHHR2","Small_PN",16567.5,"Jul"
8,"HHHR2","Small_PN",1237.5,"Aug"
8,"HHHR2","Small_PN",3442.5,"Aug"
8,"HHHR2","Small_PN",97.5,"Aug"
8,"HHHR2","Small_PN",615,"Aug"
8,"HHHR2","Small_PN",390,"Aug"
9,"HHHR2","Small_PN",12802.5,"Sep"
9,"HHHR2","Small_PN",9337.5,"Sep"
9,"HHHR2","Small_PN",2032.5,"Sep"
9,"HHHR2","Small_PN",270,"Sep"
10,"HHHR2","Small_PN",15,"Oct"
10,"HHHR2","Small_PN",307.5,"Oct"
10,"HHHR2","Small_PN",637.5,"Oct"
10,"HHHR2","Small_PN",390,"Oct"
11,"HHHR2","Small_PN",45,"Nov"
11,"HHHR2","Small_PN",210,"Nov"
11,"HHHR2","Small_PN",0,"Nov"
11,"HHHR2","Small_PN",0,"Nov"
11,"HHHR2","Small_PN",2220,"Nov"
12,"HHHR2","Small_PN",0,"Dec"
12,"HHHR2","Small_PN",3000,"Dec"
12,"HHHR2","Small_PN",0,"Dec"
12,"HHHR2","Small_PN",555,"Dec"
1,"HHHR2","Small_PN",457.5,"Jan"
1,"HHHR2","Small_PN",157.5,"Jan"
1,"HHHR2","Small_PN",720,"Jan"
1,"HHHR2","Small_PN",67.5,"Jan"
2,"HHHR2","Small_PN",0,"Feb"
2,"HHHR2","Small_PN",0,"Feb"
2,"HHHR2","Small_PN",0,"Feb"
2,"HHHR2","Small_PN",0,"Feb"
3,"HHHR2","Small_PN",0,"Mar"
3,"HHHR2","Small_PN",0,"Mar"
3,"HHHR2","Small_PN",0,"Mar"
3,"HHHR2","Small_PN",60,"Mar"
3,"HHHR2","Small_PN",0,"Mar"
4,"HHHR2","Small_PN",0,"Apr"
4,"HHHR2","Small_PN",0,"Apr"
4,"HHHR2","Small_PN",0,"Apr"
4,"HHHR2","Small_PN",0,"Apr"
5,"HHHR2","Small_PN",0,"May"
6,"HHHR2","Small_PN",0,"Jun"
6,"HHHR2","Small_PN",NA,"Jun"
6,"HHHR2","Small_PN",NA,"Jun"
6,"HHHR2","Small_PN",NA,"Jun"
7,"HHHR2","Small_PN",NA,"Jul"
7,"HHHR2","Small_PN",NA,"Jul"
7,"HHHR2","Small_PN",NA,"Jul"
7,"HHHR2","Small_PN",NA,"Jul"
8,"HHHR2","Small_PN",NA,"Aug"
8,"HHHR2","Small_PN",NA,"Aug"
8,"HHHR2","Small_PN",NA,"Aug"
8,"HHHR2","Small_PN",NA,"Aug"
8,"HHHR2","Small_PN",NA,"Aug"
9,"HHHR2","Small_PN",NA,"Sep"
9,"HHHR2","Small_PN",NA,"Sep"
9,"HHHR2","Small_PN",37.5,"Sep"
9,"HHHR2","Small_PN",0,"Sep"
10,"HHHR2","Small_PN",NA,"Oct"
10,"HHHR2","Small_PN",NA,"Oct"
10,"HHHR2","Small_PN",NA,"Oct"
10,"HHHR2","Small_PN",NA,"Oct"
10,"HHHR2","Small_PN",NA,"Oct"
11,"HHHR2","Small_PN",NA,"Nov"
11,"HHHR2","Small_PN",NA,"Nov"
11,"HHHR2","Small_PN",0,"Nov"
11,"HHHR2","Small_PN",0,"Nov"
12,"HHHR2","Small_PN",0,"Dec"
12,"HHHR2","Small_PN",0,"Dec"
12,"HHHR2","Small_PN",0,"Dec"
12,"HHHR2","Small_PN",0,"Dec"
1,"HHHR2","Small_PN",0,"Jan"
1,"HHHR2","Small_PN",0,"Jan"
1,"HHHR2","Small_PN",0,"Jan"
1,"HHHR2","Small_PN",0,"Jan"
1,"HHHR2","Small_PN",0,"Jan"
2,"HHHR2","Small_PN",NA,"Feb"
2,"HHHR2","Small_PN",232.5,"Feb"
